{
  "task_id": "phase2b_disagreement",
  "mode": "FULL",
  "n_test": 500,
  "n_train": 50000,
  "seed": 42,
  "full_model": true,
  "timestamp": "2026-03-17T22:54:27.089270",
  "lds_comparison": {
    "lds_if_mean": 0.29693028253343595,
    "lds_if_std": 0.10093220072976339,
    "lds_repsim_mean": 0.07373205860606587,
    "lds_repsim_std": 0.10447491778021449,
    "lds_kfac_mean": 0.27064051555526214,
    "lds_kfac_std": 0.10620685951974611,
    "lds_diff_mean": 0.2231982239273701,
    "lds_diff_std": 0.1606595067501573,
    "lds_diff_median": 0.2037845929811923,
    "lds_diff_q25": 0.10630659188914932,
    "lds_diff_q75": 0.3307732983705212,
    "n_if_better": 471,
    "n_repsim_better": 29,
    "n_total": 500,
    "per_class": {
      "0": {
        "n": 50,
        "lds_if_mean": 0.28351514034776276,
        "lds_repsim_mean": 0.03339667049996278,
        "lds_diff_mean": 0.25011846984779995,
        "lds_diff_std": 0.13532111815666054,
        "n_if_better": 50,
        "n_repsim_better": 0
      },
      "1": {
        "n": 50,
        "lds_if_mean": 0.25521151391011143,
        "lds_repsim_mean": 0.17630410846633765,
        "lds_diff_mean": 0.07890740544377381,
        "lds_diff_std": 0.10946854975139739,
        "n_if_better": 39,
        "n_repsim_better": 11
      },
      "2": {
        "n": 50,
        "lds_if_mean": 0.32664166431397634,
        "lds_repsim_mean": 0.0694908020086987,
        "lds_diff_mean": 0.25715086230527767,
        "lds_diff_std": 0.11952165077602467,
        "n_if_better": 49,
        "n_repsim_better": 1
      },
      "3": {
        "n": 50,
        "lds_if_mean": 0.3410367664492561,
        "lds_repsim_mean": 0.028128866669732147,
        "lds_diff_mean": 0.31290789977952405,
        "lds_diff_std": 0.1744502977941213,
        "n_if_better": 49,
        "n_repsim_better": 1
      },
      "4": {
        "n": 50,
        "lds_if_mean": 0.30845483951671143,
        "lds_repsim_mean": 0.09694519671927092,
        "lds_diff_mean": 0.21150964279744047,
        "lds_diff_std": 0.17344483377546854,
        "n_if_better": 45,
        "n_repsim_better": 5
      },
      "5": {
        "n": 50,
        "lds_if_mean": 0.36217040507610293,
        "lds_repsim_mean": 0.01884343382498501,
        "lds_diff_mean": 0.343326971251118,
        "lds_diff_std": 0.15443511772682486,
        "n_if_better": 50,
        "n_repsim_better": 0
      },
      "6": {
        "n": 50,
        "lds_if_mean": 0.2937141101645877,
        "lds_repsim_mean": 0.12869346073598437,
        "lds_diff_mean": 0.16502064942860334,
        "lds_diff_std": 0.13790150504894644,
        "n_if_better": 46,
        "n_repsim_better": 4
      },
      "7": {
        "n": 50,
        "lds_if_mean": 0.25343833789942016,
        "lds_repsim_mean": 0.08371653994541305,
        "lds_diff_mean": 0.1697217979540071,
        "lds_diff_std": 0.11447943591922355,
        "n_if_better": 48,
        "n_repsim_better": 2
      },
      "8": {
        "n": 50,
        "lds_if_mean": 0.28080018903242143,
        "lds_repsim_mean": 0.045817604183570865,
        "lds_diff_mean": 0.23498258484885057,
        "lds_diff_std": 0.13853294692186605,
        "n_if_better": 50,
        "n_repsim_better": 0
      },
      "9": {
        "n": 50,
        "lds_if_mean": 0.2643198586240095,
        "lds_repsim_mean": 0.055983903006703084,
        "lds_diff_mean": 0.2083359556173064,
        "lds_diff_std": 0.16105095069545805,
        "n_if_better": 45,
        "n_repsim_better": 5
      }
    }
  },
  "kendall_tau_if_repsim": {
    "mean": -0.4667445762928778,
    "std": 0.11437990378302935,
    "min": -0.6186623076013357,
    "max": -0.04758948077333728,
    "median": -0.51138888380667,
    "q25": -0.54581604993533,
    "q75": -0.4199126250095467,
    "per_class": {
      "0": {
        "mean": -0.46487311900505085,
        "std": 0.09858397573699645
      },
      "1": {
        "mean": -0.5099904504257071,
        "std": 0.1001013411581949
      },
      "2": {
        "mean": -0.46491515468885525,
        "std": 0.1097255518231108
      },
      "3": {
        "mean": -0.4106599937138571,
        "std": 0.14345672283063207
      },
      "4": {
        "mean": -0.4831347425287694,
        "std": 0.09141090859502843
      },
      "5": {
        "mean": -0.42453377582092033,
        "std": 0.12478314101698765
      },
      "6": {
        "mean": -0.502177463255101,
        "std": 0.08285871730273196
      },
      "7": {
        "mean": -0.47320979148696246,
        "std": 0.09470858690150442
      },
      "8": {
        "mean": -0.4619711772624682,
        "std": 0.12025647495870935
      },
      "9": {
        "mean": -0.47198009474108704,
        "std": 0.1257971322118347
      }
    }
  },
  "auroc_analysis": {
    "binary_auroc": {
      "is_degenerate": false,
      "n_if_better": 471,
      "n_repsim_better": 29,
      "binary": {
        "global_auroc": 0.6911926202503843,
        "best_predictor": "tau",
        "per_predictor": {
          "tau": 0.6911926202503843,
          "-tau": 0.30880737974961564,
          "|tau|": 0.30880737974961564,
          "-|tau|": 0.6911926202503843,
          "log_grad_norm": 0.5967493960026355,
          "confidence": 0.4450179368914268,
          "entropy": 0.5528955267589135
        },
        "tau_auroc": 0.30880737974961564
      }
    },
    "quantile_auroc": {
      "median_split": {
        "threshold": 0.2037845929811923,
        "best_auroc": 0.7774559999999999,
        "best_predictor": "tau",
        "per_predictor": {
          "tau": 0.7774559999999999,
          "-tau": 0.222544,
          "|tau|": 0.222544,
          "-|tau|": 0.7774559999999999,
          "log_grad_norm": 0.74584,
          "confidence": 0.29093600000000003,
          "entropy": 0.7047199999999999
        }
      },
      "tertile_split": {
        "q33": 0.13324833646124928,
        "q67": 0.28206504931274917,
        "n_extreme": 330,
        "best_auroc": 0.8452525252525254,
        "best_predictor": "tau",
        "per_predictor": {
          "tau": 0.8452525252525254,
          "-tau": 0.15474747474747474,
          "|tau|": 0.15474747474747474,
          "-|tau|": 0.8452525252525254,
          "log_grad_norm": 0.8373921028466483,
          "confidence": 0.20330578512396694,
          "entropy": 0.7917722681359044
        }
      }
    },
    "class_stratified": {
      "per_class": {
        "0": {
          "n_points": 50,
          "n_if_better": 50,
          "n_repsim_better": 0,
          "lds_diff_mean": 0.25011846984779995,
          "lds_diff_std": 0.13532111815666054,
          "tau_mean": -0.46487311900505085,
          "binary_auroc": null,
          "method": "insufficient_minority",
          "quantile_auroc": 0.8048,
          "quantile_best_direction": "tau"
        },
        "1": {
          "n_points": 50,
          "n_if_better": 39,
          "n_repsim_better": 11,
          "lds_diff_mean": 0.07890740544377381,
          "lds_diff_std": 0.10946854975139739,
          "tau_mean": -0.5099904504257071,
          "binary_auroc": 0.7016317016317016,
          "binary_best_direction": "tau",
          "method": "binary",
          "quantile_auroc": 0.6864,
          "quantile_best_direction": "tau"
        },
        "2": {
          "n_points": 50,
          "n_if_better": 49,
          "n_repsim_better": 1,
          "lds_diff_mean": 0.25715086230527767,
          "lds_diff_std": 0.11952165077602467,
          "tau_mean": -0.46491515468885525,
          "binary_auroc": null,
          "method": "insufficient_minority",
          "quantile_auroc": 0.7040000000000001,
          "quantile_best_direction": "tau"
        },
        "3": {
          "n_points": 50,
          "n_if_better": 49,
          "n_repsim_better": 1,
          "lds_diff_mean": 0.31290789977952405,
          "lds_diff_std": 0.1744502977941213,
          "tau_mean": -0.4106599937138571,
          "binary_auroc": null,
          "method": "insufficient_minority",