{
  "task_id": "phase3_uniform_baselines",
  "mode": "PILOT",
  "n_test": 100,
  "n_train": 5000,
  "seed": 42,
  "timestamp": "2026-03-17T21:06:19.280050",
  "elapsed_minutes": 7.3,
  "methods": {
    "Identity IF": {
      "mean_lds": 0.009743775863752878,
      "std_lds": 0.016697318722777833,
      "median_lds": 0.008971965526878619,
      "min_lds": -0.039342495013699796,
      "max_lds": 0.04790289033211561,
      "gpu_hours": 0.5,
      "per_class_lds": {
        "0": {
          "mean": 0.004993041742193656,
          "std": 0.014985461123486733,
          "n": 10
        },
        "1": {
          "mean": 0.01811747961642494,
          "std": 0.009395403464654225,
          "n": 10
        },
        "2": {
          "mean": 0.01492518843574685,
          "std": 0.013372355906227283,
          "n": 10
        },
        "3": {
          "mean": 0.01702872280790258,
          "std": 0.011674299975216192,
          "n": 10
        },
        "4": {
          "mean": 0.011689508095104856,
          "std": 0.02116976362289242,
          "n": 10
        },
        "5": {
          "mean": -0.005286364056377242,
          "std": 0.008898626272054403,
          "n": 10
        },
        "6": {
          "mean": 0.03188922618211526,
          "std": 0.014732126460018476,
          "n": 10
        },
        "7": {
          "mean": 0.005074025886150515,
          "std": 0.01181365142438316,
          "n": 10
        },
        "8": {
          "mean": 0.0032140374662052327,
          "std": 0.008909849151261388,
          "n": 10
        },
        "9": {
          "mean": -0.004207107537937865,
          "std": 0.006703797804257323,
          "n": 10
        }
      }
    },
    "K-FAC IF": {
      "mean_lds": 0.7443592735994455,
      "std_lds": 0.09005789299793263,
      "median_lds": 0.766333271495723,
      "min_lds": 0.43392729511709177,
      "max_lds": 0.8929663329666532,
      "gpu_hours": 2.0,
      "per_class_lds": {
        "0": {
          "mean": 0.7566480652454523,
          "std": 0.07817883609070053,
          "n": 10
        },
        "1": {
          "mean": 0.7430079002350977,
          "std": 0.07762097849373605,
          "n": 10
        },
        "2": {
          "mean": 0.6494742065215837,
          "std": 0.09252008693818187,
          "n": 10
        },
        "3": {
          "mean": 0.7368307051164804,
          "std": 0.08505871764909034,
          "n": 10
        },
        "4": {
          "mean": 0.6997193448006233,
          "std": 0.08995980405163853,
          "n": 10
        },
        "5": {
          "mean": 0.7208419514282913,
          "std": 0.10193740726086244,
          "n": 10
        },
        "6": {
          "mean": 0.8172219119532327,
          "std": 0.047064930386224814,
          "n": 10
        },
        "7": {
          "mean": 0.7403470257603261,
          "std": 0.08435583512447027,
          "n": 10
        },
        "8": {
          "mean": 0.8048925721409566,
          "std": 0.040837989769918585,
          "n": 10
        },
        "9": {
          "mean": 0.7746090527924133,
          "std": 0.045018993221724965,
          "n": 10
        }
      }
    },
    "EK-FAC IF": {
      "mean_lds": 0.744299370638803,
      "std_lds": 0.09007003125025335,
      "median_lds": 0.7665341522809639,
      "min_lds": 0.4341779985511199,
      "max_lds": 0.8929741225989648,
      "gpu_hours": 3.0,
      "per_class_lds": {
        "0": {
          "mean": 0.7567302118802971,
          "std": 0.078380051934441,
          "n": 10
        },
        "1": {
          "mean": 0.742628876885973,
          "std": 0.07760844005964744,
          "n": 10
        },
        "2": {
          "mean": 0.6494616898922854,
          "std": 0.09244912442874241,
          "n": 10
        },
        "3": {
          "mean": 0.7368247067719411,
          "std": 0.08506066860022682,
          "n": 10
        },
        "4": {
          "mean": 0.699734656563429,
          "std": 0.08999295394774326,
          "n": 10
        },
        "5": {
          "mean": 0.7208817591401899,
          "std": 0.10222260576521598,
          "n": 10
        },
        "6": {
          "mean": 0.8172117754636424,
          "std": 0.04706103164263484,
          "n": 10
        },
        "7": {
          "mean": 0.7403456514245026,
          "std": 0.08416654379328851,
          "n": 10
        },
        "8": {
          "mean": 0.8048949772724268,
          "std": 0.04073355320200995,
          "n": 10
        },
        "9": {
          "mean": 0.7742794010933418,
          "std": 0.045022554688976445,
          "n": 10
        }
      }
    },
    "RepSim": {
      "mean_lds": 0.2737597862373089,
      "std_lds": 0.1793438935571272,
      "median_lds": 0.29096128238944907,
      "min_lds": -0.12987143305709117,
      "max_lds": 0.6624405906256235,
      "gpu_hours": 0.3,
      "per_class_lds": {
        "0": {
          "mean": 0.17737610508308893,
          "std": 0.11671943085974414,
          "n": 10
        },
        "1": {
          "mean": 0.2861096780166736,
          "std": 0.19731947528468086,
          "n": 10
        },
        "2": {
          "mean": 0.15909269278613408,
          "std": 0.15708415880059406,
          "n": 10
        },
        "3": {
          "mean": 0.1968077131534362,
          "std": 0.13379235289251828,
          "n": 10
        },
        "4": {
          "mean": 0.23592081955678448,
          "std": 0.17055249212536833,
          "n": 10
        },
        "5": {
          "mean": 0.16379314893455535,
          "std": 0.08005074114954508,
          "n": 10
        },
        "6": {
          "mean": 0.29293524775267776,
          "std": 0.10093406537612243,
          "n": 10
        },
        "7": {
          "mean": 0.3106264993844952,
          "std": 0.15553353933442304,
          "n": 10
        },
        "8": {
          "mean": 0.4066257375441277,
          "std": 0.10861344996990176,
          "n": 10
        },
        "9": {
          "mean": 0.5083102201611154,
          "std": 0.16853932792671733,
          "n": 10
        }
      }
    },
    "TRAK-10": {
      "mean_lds": 1.0,
      "std_lds": 9.42055475210265e-17,
      "median_lds": 0.9999999999999999,
      "min_lds": 0.9999999999999999,
      "max_lds": 1.0,
      "gpu_hours": 5.0,
      "per_class_lds": {
        "0": {
          "mean": 1.0,
          "std": 9.930136612989092e-17,
          "n": 10
        },
        "1": {
          "mean": 1.0,
          "std": 9.930136612989092e-17,
          "n": 10
        },
        "2": {
          "mean": 1.0,
          "std": 9.288792252416251e-17,
          "n": 10
        },
        "3": {
          "mean": 1.0,
          "std": 9.288792252416251e-17,
          "n": 10
        },
        "4": {
          "mean": 1.0,
          "std": 9.288792252416251e-17,
          "n": 10
        },
        "5": {
          "mean": 1.0,
          "std": 7.850462293418876e-17,
          "n": 10
        },
        "6": {
          "mean": 1.0,
          "std": 9.288792252416251e-17,
          "n": 10
        },
        "7": {
          "mean": 1.0,
          "std": 1.0532500405730103e-16,
          "n": 10
        },
        "8": {
          "mean": 1.0,
          "std": 8.599750569898517e-17,
          "n": 10
        },
        "9": {
          "mean": 1.0,
          "std": 9.930136612989092e-17,
          "n": 10
        }
      }
    },
    "TRAK-50": {
      "mean_lds": 1.0,
      "std_lds": 0.0,
      "median_lds": 1.0,
      "min_lds": 1.0,
      "max_lds": 1.0,
      "gpu_hours": 25.0,
      "per_class_lds": {
        "0": {
          "mean": 1.0,
          "std": 0.0,
          "n": 10
        },
        "1": {
          "mean": 1.0,
          "std": 0.0,
          "n": 10
        },
        "2": {
          "mean": 1.0,
          "std": 0.0,
          "n": 10
        },
        "3": {
          "mean": 1.0,
          "std": 0.0,
          "n": 10
        },