{"Identity IF": [0.023825241977009675, -0.003304862436194497, 0.02196940604730351, 0.0011099615964517424, 0.039714315269525756, 0.04790289033211561, 0.03284582968340978, 0.03160307780812311, 0.022840954658186367, 0.02629493956442866, 0.00980634855225394, -0.0030957321878292876, -0.008329723245588757, -0.01644186661006927, 0.009500418236016729, 0.00755362633432634, -0.0001645923905836956, 0.015790040455980578, 0.009773634246945368, 0.030885405157639954, 0.01518318329532733, 0.00822431178497247, -0.01009160531590641, -0.01173989902959596, -0.011921715309440856, 0.02161508155415955, 0.025016692217868487, 0.013721141493174969, -0.005819322376772895, 0.03577909616888125, 0.03440874910600158, -0.002491016451820011, 0.026929354965174197, -0.011173744958949797, -0.008297491051899641, 0.010149933190240927, 0.017929288989601864, 0.0028748001310610004, -0.008189457831578312, -0.02016402656656106, 0.0003234961569476102, 0.03011372107871703, -0.012782264575597358, 0.0407438512307319, 0.014052806098449512, -0.0028213174729204106, 0.0374397136424871, -0.013538551981867005, -0.0037311592373359174, 0.037314310900572426, 0.004559896118505283, 0.0007268810210752407, -0.03488506123540244, 0.016449835810388228, 0.005196284703976099, -0.008996231256065159, -0.0015370424294816971, 0.015889373723574948, -0.039342495013699796, -0.009573155231155966, 0.008322874700914987, 0.004481630963265238, -0.006062478578499142, 0.034997004008720085, 0.020532276917783854, 0.02598986206359448, 0.018887086259483446, -0.006278376635135064, 0.017935848621433943, -0.009833473737810957, 0.006083150067617993, 0.016804908096196322, 0.005232870929314837, -0.0026296178014371557, 0.0155530406864949, 0.009332564821302592, 0.0029719596708783864, 0.008611366232454648, 0.01926694296360253, 0.0006292373051694922, 0.002342855661770455, 0.012099103012254498, 0.0019435208457408337, 0.022913994292559768, 0.00797198153487926, 0.027539637838907425, 0.021392900439716016, -0.005585281471411258, 0.018709300972372035, 0.031882570444833176, -0.00122860766520328, 0.013997583055903321, 0.008386461167860996, 0.02959287305571492, 0.03408221133210643, 0.03065735100302982, 0.013262005010798491, -0.005037303849613049, 0.01770724544471479, 0.003292947587717903], "K-FAC IF": [0.8125428549657141, 0.8304230640969223, 0.8477619915104796, 0.7824704998003787, 0.838558759278601, 0.7749773064870922, 0.6719969351038773, 0.8327983999399231, 0.7084909406286414, 0.7663661607370393, 0.714750976014039, 0.7166479704579187, 0.533732933042127, 0.7078461267468333, 0.8299213963008557, 0.7121610209195327, 0.8051490668332862, 0.7645256168873733, 0.8338792810031712, 0.8353164534487059, 0.7819672494254571, 0.8271548958381957, 0.5726597941201356, 0.7476403272195564, 0.6177353519562397, 0.5671948412134062, 0.6702807544914036, 0.8006767617615028, 0.8052945132997805, 0.7495093761763516, 0.8511842831673712, 0.7995804495415979, 0.7638877933715116, 0.7966351642494065, 0.7604701361810569, 0.7570550062502003, 0.6845639505674173, 0.6386264289363841, 0.7716477125299085, 0.767248052033922, 0.6774091739763669, 0.8552791263847451, 0.7983527110701083, 0.803294398723776, 0.8188767119623747, 0.7321429826632908, 0.8249385494447361, 0.7187327371653094, 0.7560879474275177, 0.8929663329666532, 0.8476749356349973, 0.7811306734532268, 0.7354286098971443, 0.7904064890621989, 0.812383217586826, 0.779736309560166, 0.8758235370169414, 0.5783007381080294, 0.6398886731155469, 0.7383346829591073, 0.7783997957119917, 0.5720082771203311, 0.6451435300617412, 0.7223346334400575, 0.7567308300655561, 0.6482460867614014, 0.7134553186513357, 0.7910482137219284, 0.6456074030402961, 0.7757162544578847, 0.8531803249432129, 0.5631839102073564, 0.6280081758553993, 0.8159178164714587, 0.7624911873316473, 0.679193780447751, 0.8225535838781433, 0.5955015644280625, 0.7869871344292607, 0.7644893521659218, 0.7364484528036129, 0.7663003822544066, 0.43392729511709177, 0.6049816803912671, 0.6970369086174762, 0.8596361234507075, 0.5606682807601873, 0.809591581279663, 0.8173097970763918, 0.8041930114063216, 0.7667946110101874, 0.7993535658301424, 0.7540096286563851, 0.8044500035700001, 0.7319154771021851, 0.8563922035996879, 0.8191920126273411, 0.6240046936321877, 0.8041145505645818, 0.5568907922916316], "EK-FAC IF": [0.8124554753782188, 0.830418853344754, 0.8475108278247734, 0.7827753019057987, 0.8386524065902239, 0.7750036963121477, 0.6703203593568142, 0.8328991336359651, 0.708706499661269, 0.7663268444154657, 0.7146633331156852, 0.7161413065336523, 0.5330224567416909, 0.7076619059384761, 0.829673128962925, 0.7122360113225341, 0.8049851351434053, 0.764238531227883, 0.8336892162595685, 0.8354541653582176, 0.7818114886032231, 0.8270334656931875, 0.5724930490254618, 0.7473270119410803, 0.6176656467374498, 0.5672304700308324, 0.6704173666248746, 0.8006780794191232, 0.8049092140203685, 0.7494142809065572, 0.8511989108799564, 0.7995945978589741, 0.7637733139429324, 0.7967335652133425, 0.7600523070603336, 0.7573331360213252, 0.6847049901566326, 0.6386322582486175, 0.7713094400043775, 0.7674934950517397, 0.6772630286910296, 0.8548765436966129, 0.7989033786313088, 0.8033271400050854, 0.81901908546842, 0.7317043146777334, 0.8250380324613222, 0.7187581739983269, 0.7561472616058904, 0.8929741225989648, 0.8474528135141124, 0.7810476744419068, 0.7354466610658664, 0.7903010101910076, 0.8123169657281741, 0.7801579640410423, 0.8757516918620675, 0.5792199305607972, 0.640051302498052, 0.7383173546526941, 0.7784399682282813, 0.5719944050237762, 0.6450853284274131, 0.7219163603019804, 0.7571559621284102, 0.6483191994367679, 0.7133576739274274, 0.7907793950101545, 0.6452864243394568, 0.7759886572821699, 0.853189454447578, 0.5623110838364432, 0.6280466884498673, 0.815466300220508, 0.7624625008985, 0.6791934357117373, 0.8223941480317658, 0.5956115350244613, 0.7857973488776121, 0.7645425811737031, 0.7362870754051539, 0.766741460146462, 0.4341779985511199, 0.6048637600345502, 0.6979257387650295, 0.8596527060387399, 0.5606272571130902, 0.8101193237522158, 0.8173300457812018, 0.8041516423359647, 0.7671766979374802, 0.7990398126655923, 0.7535427696937107, 0.8044133716965348, 0.7319887623531184, 0.8563130233725207, 0.8194512435497165, 0.6240307840332313, 0.8035488550765244, 0.5565011579400463],