{
  "task_id": "phase2a_bss_compute",
  "mode": "PILOT",
  "seed": 42,
  "n_test": 100,
  "n_train_kfac": 5000,
  "damping_kfac": 0.1,
  "damping_ekfac": 0.01,
  "eigenvalue_spectrum": {
    "total_eigenvalues": 11164362,
    "top_10": [
      4.983405233360827e-05,
      3.742069748113863e-05,
      2.284407673869282e-05,
      1.8805434592650272e-05,
      1.793861338228453e-05,
      1.765377055562567e-05,
      1.3495117855200078e-05,
      1.0322037269361317e-05,
      8.908234121918213e-06,
      8.343882655026391e-06
    ],
    "top_100": [
      4.983405233360827e-05,
      3.742069748113863e-05,
      2.284407673869282e-05,
      1.8805434592650272e-05,
      1.793861338228453e-05,
      1.765377055562567e-05,
      1.3495117855200078e-05,
      1.0322037269361317e-05,
      8.908234121918213e-06,
      8.343882655026391e-06,
      7.890007509558927e-06,
      7.860537152737379e-06,
      7.663453288841993e-06,
      7.361556527030189e-06,
      6.823804142186418e-06,
      6.574577128048986e-06,
      5.890517513762461e-06,
      4.737235030916054e-06,
      4.533166702458402e-06,
      4.3499617277120706e-06,
      4.340145551395835e-06,
      3.994779490312794e-06,
      3.6044270927959587e-06,
      3.425828253966756e-06,
      3.389167432032991e-06,
      2.8840827326348517e-06,
      2.8163667593616992e-06,
      2.8024801395076793e-06,
      2.754990873654606e-06,
      2.6702566628955537e-06,
      2.6348170649725944e-06,
      2.4722542093513766e-06,
      2.4722110083530424e-06,
      2.472159394528717e-06,
      2.3668280846322887e-06,
      2.2967487893765792e-06,
      2.2586500563193113e-06,
      2.2052977328712586e-06,
      2.1809280497109285e-06,
      2.115055167450919e-06,
      2.112626361849834e-06,
      2.1066500721644843e-06,
      2.0436852992133936e-06,
      2.032252950812108e-06,
      1.9492529190756613e-06,
      1.922664978337707e-06,
      1.8885897361542447e-06,
      1.7896720692078816e-06,
      1.7671524119577953e-06,
      1.6855385638336884e-06,
      1.6694266378181055e-06,
      1.6222074918914586e-06,
      1.6090428971438087e-06,
      1.5547522025372018e-06,
      1.4905914440532797e-06,
      1.4203552609615144e-06,
      1.4018921774550108e-06,
      1.368465291307075e-06,
      1.3488984222931322e-06,
      1.3267128906591097e-06,
      1.3022079201618908e-06,
      1.2925388546136674e-06,
      1.2429454727680422e-06,
      1.2250991403561784e-06,
      1.2181047850390314e-06,
      1.2141936167608947e-06,
      1.1384602203179384e-06,
      1.1060429869758082e-06,
      1.096024675462104e-06,
      1.0361783324697171e-06,
      1.0156495591218118e-06,
      1.0059378610094427e-06,
      9.820651030167937e-07,
      9.52987818436668e-07,
      9.481821052759187e-07,
      9.46638294863078e-07,
      9.425007760910376e-07,
      9.419504749530461e-07,
      9.311419262303389e-07,
      9.14232828108652e-07,
      9.12974599032168e-07,
      9.074924491869751e-07,
      8.918166827243112e-07,
      8.835680773700005e-07,
      8.685523766871484e-07,
      8.674207379044674e-07,
      8.637007340439595e-07,
      7.906573955551721e-07,
      7.807684596627951e-07,
      7.739565148767724e-07,
      7.655235663150961e-07,
      7.62895695061161e-07,
      7.476810992557148e-07,
      7.23421521797718e-07,
      7.093909175637236e-07,
      6.955639264560887e-07,
      6.836328907411371e-07,
      6.811072807977325e-07,
      6.682030289084651e-07,
      6.322149488369178e-07
    ],
    "outlier_threshold": 4.3499617277120706e-06,
    "edge_threshold": 6.322149488369178e-07,
    "n_outlier": 19,
    "n_edge": 80,
    "n_bulk": 11164263
  },
  "bss_statistics": {
    "outlier": {
      "mean": 60.184808356210304,
      "std": 299.39117560356794,
      "min": 8.273165803984739e-06,
      "max": 2244.53125,
      "cv": 4.974530679429747
    },
    "edge": {
      "mean": 75.62136899695703,
      "std": 396.32846717270905,
      "min": 2.3051783500704914e-05,
      "max": 3326.033935546875
    },
    "bulk": {
      "mean": 127.43810652905326,
      "std": 631.3889500504634,
      "min": 3.607778126024641e-05,
      "max": 4935.97216796875
    },
    "total": {
      "mean": 263.24427399212175,
      "std": 1323.456920383814,
      "min": 8.75539262779057e-05,
      "max": 10506.5361328125
    }
  },
  "per_class_bss_outlier": {
    "means": {
      "0": 0.0015509072722124984,
      "1": 0.00035199420308344996,
      "2": 20.954694472199844,
      "3": 152.75521750233165,
      "4": 0.7436075991819961,
      "5": 224.49249079937726,
      "6": 0.0443283393045931,
      "7": 0.0119039101555245,
      "8": 110.22902719199556,
      "9": 92.61491084608133
    },
    "stds": {
      "0": 0.002321593391494495,
      "1": 0.00036929291502578075,
      "2": 62.86242748633888,
      "3": 440.3638462620536,
      "4": 2.2294314674684697,
      "5": 673.3462587765456,
      "6": 0.1323634560353169,
      "7": 0.030512366408804406,
      "8": 330.6829349495789,
      "9": 277.58033819556243
    }
  },
  "variance_decomposition": {
    "total_variance": 89635.07602928644,
    "within_class_variance": 83767.42225334691,
    "within_class_fraction": 0.9345384191561081,
    "between_class_fraction": 0.06546158084389186
  },
  "correlations": {
    "bss_outlier_vs_grad_norm": {
      "rho": 0.9059585958595859,
      "p_value": 2.3193333189973063e-38
    },
    "bss_outlier_vs_confidence": {
      "rho": -0.9117311731173116,
      "p_value": 1.1993603880471892e-39
    },
    "bss_outlier_vs_entropy": {
      "rho": 0.9099189918991898,
      "p_value": 3.105128385127655e-39
    }
  },
  "pass_criteria": {
    "outlier_has_5_plus_eigenvalues": true,
    "bss_outlier_std_above_001": true,
    "no_oom": true
  },
  "overall_pass": true,
  "go_no_go": "GO",
  "timing": {
    "kfac_factors_sec": 3.2,
    "bss_computation_sec": 51.4,
    "total_sec": 70.5
  },
  "gpu_info": {
    "device": "NVIDIA GeForce RTX 4090",
    "vram_total_mb": 24090
  },
  "timestamp": "2026-03-17T19:19:54.564811"
}