{"seed": 123, "kappa": 1130108.875, "n_test": 100, "n_ood": 20, "k": 10, "level_names": ["full_ggn", "kfac", "diagonal", "damped_identity", "identity"], "test_indices": [3037, 1067, 1389, 2619, 5654, 8224, 7568, 2013, 5274, 9980, 2823, 1594, 1954, 6777, 9859, 7252, 8900, 1024, 937, 6126, 7519, 8202, 3816, 4626, 8301, 5171, 9153, 56, 7395, 630, 6315, 3200, 7336, 6571, 2243, 3022, 9045, 9109, 2147, 4915, 5790, 6723, 2003, 6712, 872, 4777, 7015, 9533, 3234, 3139, 8757, 2283, 6202, 994, 1248, 6443, 2884, 2300, 888, 8128, 3995, 3158, 3490, 4574, 4446, 1394, 2435, 1871, 2010, 9190, 7648, 5860, 8809, 1236, 5272, 2963, 7855, 9352, 8779, 5700, 1957, 147, 5856, 1118, 8677, 3683, 1339, 8671, 1803, 3494, 1606, 5410, 6837, 433, 2782, 9953, 1442, 9842, 1304, 5848], "ood_indices": [19461, 23119, 14070, 13742, 20902, 21565, 18110, 6538, 8513, 13657, 17902, 21236, 10709, 14576, 9871, 23825, 5472, 18121, 10947, 10369], "confidence_labels": ["high", "high", "high", "high", "high", "high", "high", "high", "high", "high", "high", "high", "high", "high", "high", "high", "high", "high", "high", "high", "high", "high", "high", "high", "high", "high", "high", "high", "high", "high", "high", "high", "high", "high", "high", "high", "high", "high", "high", "high", "high", "high", "high", "high", "high", "high", "high", "high", "high", "high", "low", "low", "low", "low", "low", "low", "low", "low", "low", "low", "low", "low", "low", "low", "low", "low", "low", "low", "low", "low", "low", "low", "low", "low", "low", "low", "low", "low", "low", "low", "low", "low", "low", "low", "low", "low", "low", "low", "low", "low", "low", "low", "low", "low", "low", "low", "low", "low", "low", "low"], "jaccard_matrix": [[1.0, 0.42857142857142855, 0.42857142857142855, 0.3333333333333333, 0.3333333333333333], [1.0, 0.42857142857142855, 0.25, 0.25, 0.25], [1.0, 0.42857142857142855, 0.25, 0.25, 0.25], [1.0, 0.8181818181818182, 0.8181818181818182, 0.8181818181818182, 0.8181818181818182], [1.0, 0.42857142857142855, 0.3333333333333333, 0.3333333333333333, 0.3333333333333333], [1.0, 0.42857142857142855, 0.25, 0.25, 0.25], [1.0, 0.6666666666666666, 0.6666666666666666, 0.6666666666666666, 0.6666666666666666], [1.0, 0.6666666666666666, 0.5384615384615384, 0.5384615384615384, 0.5384615384615384], [1.0, 0.5384615384615384, 0.3333333333333333, 0.3333333333333333, 0.3333333333333333], [1.0, 0.6666666666666666, 0.6666666666666666, 0.6666666666666666, 0.6666666666666666], [1.0, 0.6666666666666666, 0.25, 0.25, 0.25], [1.0, 0.5384615384615384, 0.25, 0.25, 0.25], [1.0, 0.6666666666666666, 0.3333333333333333, 0.3333333333333333, 0.3333333333333333], [1.0, 0.5384615384615384, 0.3333333333333333, 0.3333333333333333, 0.3333333333333333], [1.0, 0.5384615384615384, 0.5384615384615384, 0.42857142857142855, 0.42857142857142855], [1.0, 0.5384615384615384, 0.42857142857142855, 0.42857142857142855, 0.42857142857142855], [1.0, 0.42857142857142855, 0.3333333333333333, 0.3333333333333333, 0.3333333333333333], [1.0, 0.6666666666666666, 0.25, 0.17647058823529413, 0.17647058823529413], [1.0, 0.5384615384615384, 0.3333333333333333, 0.3333333333333333, 0.3333333333333333], [1.0, 0.5384615384615384, 0.25, 0.25, 0.25], [1.0, 0.25, 0.25, 0.17647058823529413, 0.17647058823529413], [1.0, 0.6666666666666666, 0.25, 0.25, 0.25], [1.0, 0.5384615384615384, 0.3333333333333333, 0.3333333333333333, 0.3333333333333333], [1.0, 0.5384615384615384, 0.17647058823529413, 0.17647058823529413, 0.17647058823529413], [1.0, 0.42857142857142855, 0.25, 0.25, 0.25], [1.0, 0.5384615384615384, 0.3333333333333333, 0.3333333333333333, 0.3333333333333333], [1.0, 0.6666666666666666, 0.3333333333333333, 0.3333333333333333, 0.3333333333333333], [1.0, 0.8181818181818182, 0.6666666666666666, 0.6666666666666666, 0.6666666666666666], [1.0, 0.5384615384615384, 0.3333333333333333, 0.3333333333333333, 0.3333333333333333], [1.0, 0.42857142857142855, 0.3333333333333333, 0.3333333333333333, 0.3333333333333333], [1.0, 0.6666666666666666, 0.5384615384615384, 0.5384615384615384, 0.5384615384615384], [1.0, 0.3333333333333333, 0.3333333333333333, 0.3333333333333333, 0.3333333333333333], [1.0, 0.6666666666666666, 0.3333333333333333, 0.3333333333333333, 0.3333333333333333], [1.0, 0.6666666666666666, 0.25, 0.25, 0.25], [1.0, 0.6666666666666666, 0.3333333333333333, 0.3333333333333333, 0.3333333333333333], [1.0, 0.6666666666666666, 0.5384615384615384, 0.5384615384615384, 0.5384615384615384], [1.0, 0.6666666666666666, 0.6666666666666666, 0.5384615384615384, 0.5384615384615384], [1.0, 0.8181818181818182, 0.25, 0.25, 0.25], [1.0, 0.6666666666666666, 0.42857142857142855, 0.42857142857142855, 0.42857142857142855], [1.0, 0.6666666666666666, 0.3333333333333333, 0.3333333333333333, 0.3333333333333333], [1.0, 0.6666666666666666, 0.5384615384615384, 0.5384615384615384, 0.5384615384615384], [1.0, 0.5384615384615384, 0.3333333333333333, 0.25, 0.25], [1.0, 0.6666666666666666, 0.3333333333333333, 0.3333333333333333, 0.3333333333333333], [1.0, 0.42857142857142855, 0.42857142857142855, 0.42857142857142855, 0.42857142857142855], [1.0, 0.5384615384615384, 0.42857142857142855, 0.5384615384615384, 0.5384615384615384], [1.0, 0.42857142857142855, 0.17647058823529413, 0.17647058823529413, 0.17647058823529413], [1.0, 0.8181818181818182, 0.25, 0.25, 0.25], [1.0, 0.5384615384615384, 0.42857142857142855, 0.42857142857142855, 0.42857142857142855], [1.0, 0.5384615384615384, 0.25, 0.25, 0.25], [1.0, 0.3333333333333333, 0.17647058823529413, 0.17647058823529413, 0.17647058823529413], [1.0, 0.6666666666666666, 0.8181818181818182, 0.8181818181818182, 0.8181818181818182], [1.0, 0.42857142857142855, 0.42857142857142855, 0.42857142857142855, 0.42857142857142855], [1.0, 0.42857142857142855, 0.1111111111111111, 0.1111111111111111, 0.1111111111111111], [1.0, 0.6666666666666666, 0.6666666666666666, 0.42857142857142855, 0.42857142857142855], [1.0, 0.42857142857142855, 0.3333333333333333, 0.3333333333333333, 0.3333333333333333], [1.0, 0.5384615384615384, 0.3333333333333333, 0.3333333333333333, 0.3333333333333333], [1.0, 0.42857142857142855, 0.3333333333333333, 0.3333333333333333, 0.3333333333333333], [1.0, 0.3333333333333333, 0.1111111111111111, 0.1111111111111111, 0.1111111111111111], [1.0, 0.42857142857142855, 0.5384615384615384, 0.5384615384615384, 0.5384615384615384], [1.0, 0.6666666666666666, 0.6666666666666666, 0.6666666666666666, 0.6666666666666666], [1.0, 0.3333333333333333, 0.25, 0.25, 0.25], [1.0, 0.8181818181818182, 0.5384615384615384, 0.5384615384615384, 0.5384615384615384], [1.0, 0.5384615384615384, 0.6666666666666666, 0.5384615384615384, 0.5384615384615384], [1.0, 0.3333333333333333, 0.17647058823529413, 0.17647058823529413, 0.17647058823529413], [1.0, 0.6666666666666666, 0.6666666666666666, 0.5384615384615384, 0.5384615384615384], [1.0, 0.42857142857142855, 0.17647058823529413, 0.17647058823529413, 0.17647058823529413], [1.0, 0.5384615384615384, 0.42857142857142855, 0.42857142857142855, 0.42857142857142855], [1.0, 0.5384615384615384, 0.3333333333333333, 0.3333333333333333, 0.3333333333333333], [1.0, 0.3333333333333333, 0.3333333333333333, 0.3333333333333333, 0.3333333333333333], [1.0, 0.42857142857142855, 0.42857142857142855, 0.42857142857142855, 0.42857142857142855], [1.0, 0.3333333333333333, 0.3333333333333333, 0.3333333333333333, 0.3333333333333333], [1.0, 0.5384615384615384, 0.5384615384615384, 0.5384615384615384, 0.5384615384615384], [1.0, 0.3333333333333333, 0.17647058823529413, 0.25, 0.25], [1.0, 0.42857142857142855, 0.25, 0.17647058823529413, 0.17647058823529413], [1.0, 0.5384615384615384, 0.1111111111111111, 0.05263157894736842, 0.05263157894736842], [1.0, 0.6666666666666666, 0.25, 0.25, 0.25], [1.0, 0.17647058823529413, 0.05263157894736842, 0.05263157894736842, 0.05263157894736842], [1.0, 0.6666666666666666, 0.6666666666666666, 0.6666666666666666, 0.6666666666666666], [1.0, 0.5384615384615384, 0.25, 0.25, 0.25], [1.0, 0.8181818181818182, 0.42857142857142855, 0.42857142857142855, 0.42857142857142855],