{"seed": 456, "kappa": 1357640.25, "n_test": 100, "n_ood": 20, "k": 10, "level_names": ["full_ggn", "kfac", "diagonal", "damped_identity", "identity"], "test_indices": [141, 7065, 3315, 7519, 6201, 9142, 4501, 1146, 6126, 1793, 7624, 9277, 7415, 3796, 9922, 4507, 5745, 3688, 5490, 327, 3929, 3705, 9109, 9397, 1594, 8161, 5837, 630, 6763, 6571, 4915, 3933, 5044, 4777, 7157, 7627, 2755, 1773, 9448, 2829, 4435, 7834, 1121, 3200, 1389, 3255, 937, 3709, 6554, 3234, 3557, 2948, 6985, 4556, 3474, 7815, 3497, 6083, 4055, 178, 1247, 5886, 2533, 9370, 5890, 2845, 6428, 5509, 3236, 4503, 8304, 1172, 9862, 805, 3728, 3601, 145, 6942, 799, 8629, 5227, 1026, 6040, 6792, 9492, 287, 4550, 9866, 125, 775, 4192, 2650, 9535, 3299, 2810, 531, 1469, 9082, 5987, 1765], "ood_indices": [19461, 23119, 14070, 13742, 20902, 21565, 18110, 6538, 8513, 13657, 17902, 21236, 10709, 14576, 9871, 23825, 5472, 18121, 10947, 10369], "confidence_labels": ["high", "high", "high", "high", "high", "high", "high", "high", "high", "high", "high", "high", "high", "high", "high", "high", "high", "high", "high", "high", "high", "high", "high", "high", "high", "high", "high", "high", "high", "high", "high", "high", "high", "high", "high", "high", "high", "high", "high", "high", "high", "high", "high", "high", "high", "high", "high", "high", "high", "high", "low", "low", "low", "low", "low", "low", "low", "low", "low", "low", "low", "low", "low", "low", "low", "low", "low", "low", "low", "low", "low", "low", "low", "low", "low", "low", "low", "low", "low", "low", "low", "low", "low", "low", "low", "low", "low", "low", "low", "low", "low", "low", "low", "low", "low", "low", "low", "low", "low", "low"], "jaccard_matrix": [[1.0, 0.42857142857142855, 0.25, 0.25, 0.25], [1.0, 0.5384615384615384, 0.5384615384615384, 0.5384615384615384, 0.5384615384615384], [1.0, 0.3333333333333333, 0.3333333333333333, 0.3333333333333333, 0.3333333333333333], [1.0, 1.0, 0.8181818181818182, 0.8181818181818182, 0.8181818181818182], [1.0, 0.42857142857142855, 0.3333333333333333, 0.25, 0.25], [1.0, 0.25, 0.5384615384615384, 0.5384615384615384, 0.5384615384615384], [1.0, 0.3333333333333333, 0.25, 0.25, 0.25], [1.0, 0.8181818181818182, 0.8181818181818182, 0.8181818181818182, 0.8181818181818182], [1.0, 0.5384615384615384, 0.17647058823529413, 0.17647058823529413, 0.17647058823529413], [1.0, 0.3333333333333333, 0.3333333333333333, 0.3333333333333333, 0.3333333333333333], [1.0, 0.6666666666666666, 0.42857142857142855, 0.42857142857142855, 0.42857142857142855], [1.0, 0.42857142857142855, 0.42857142857142855, 0.42857142857142855, 0.42857142857142855], [1.0, 0.42857142857142855, 0.17647058823529413, 0.17647058823529413, 0.17647058823529413], [1.0, 0.3333333333333333, 0.17647058823529413, 0.17647058823529413, 0.17647058823529413], [1.0, 0.42857142857142855, 0.17647058823529413, 0.17647058823529413, 0.17647058823529413], [1.0, 0.3333333333333333, 0.25, 0.25, 0.25], [1.0, 0.42857142857142855, 0.17647058823529413, 0.17647058823529413, 0.17647058823529413], [1.0, 0.25, 0.25, 0.25, 0.25], [1.0, 0.42857142857142855, 0.5384615384615384, 0.5384615384615384, 0.5384615384615384], [1.0, 0.3333333333333333, 0.25, 0.25, 0.25], [1.0, 0.25, 0.5384615384615384, 0.42857142857142855, 0.42857142857142855], [1.0, 0.6666666666666666, 0.5384615384615384, 0.5384615384615384, 0.5384615384615384], [1.0, 0.3333333333333333, 0.3333333333333333, 0.3333333333333333, 0.3333333333333333], [1.0, 0.8181818181818182, 1.0, 1.0, 1.0], [1.0, 0.42857142857142855, 0.25, 0.25, 0.25], [1.0, 0.42857142857142855, 0.25, 0.25, 0.25], [1.0, 0.6666666666666666, 0.6666666666666666, 0.5384615384615384, 0.5384615384615384], [1.0, 0.8181818181818182, 0.6666666666666666, 0.6666666666666666, 0.6666666666666666], [1.0, 0.6666666666666666, 0.6666666666666666, 0.6666666666666666, 0.6666666666666666], [1.0, 0.3333333333333333, 0.17647058823529413, 0.17647058823529413, 0.17647058823529413], [1.0, 0.5384615384615384, 0.25, 0.25, 0.25], [1.0, 0.6666666666666666, 0.6666666666666666, 0.6666666666666666, 0.6666666666666666], [1.0, 0.25, 0.17647058823529413, 0.17647058823529413, 0.17647058823529413], [1.0, 0.3333333333333333, 0.25, 0.25, 0.25], [1.0, 0.3333333333333333, 0.25, 0.25, 0.25], [1.0, 0.3333333333333333, 0.3333333333333333, 0.3333333333333333, 0.3333333333333333], [1.0, 0.42857142857142855, 0.25, 0.25, 0.25], [1.0, 0.25, 0.17647058823529413, 0.17647058823529413, 0.17647058823529413], [1.0, 0.25, 0.25, 0.25, 0.25], [1.0, 0.3333333333333333, 0.3333333333333333, 0.3333333333333333, 0.3333333333333333], [1.0, 0.42857142857142855, 0.25, 0.25, 0.25], [1.0, 0.3333333333333333, 0.17647058823529413, 0.17647058823529413, 0.17647058823529413], [1.0, 0.42857142857142855, 0.42857142857142855, 0.42857142857142855, 0.42857142857142855], [1.0, 0.3333333333333333, 0.25, 0.25, 0.25], [1.0, 0.25, 0.25, 0.25, 0.25], [1.0, 0.42857142857142855, 0.25, 0.25, 0.25], [1.0, 0.42857142857142855, 0.25, 0.25, 0.25], [1.0, 0.25, 0.17647058823529413, 0.17647058823529413, 0.17647058823529413], [1.0, 0.42857142857142855, 0.25, 0.25, 0.25], [1.0, 0.25, 0.42857142857142855, 0.42857142857142855, 0.42857142857142855], [1.0, 0.6666666666666666, 0.42857142857142855, 0.3333333333333333, 0.3333333333333333], [1.0, 0.3333333333333333, 0.25, 0.25, 0.25], [1.0, 0.3333333333333333, 0.3333333333333333, 0.3333333333333333, 0.3333333333333333], [1.0, 0.3333333333333333, 0.25, 0.25, 0.25], [1.0, 0.6666666666666666, 0.42857142857142855, 0.42857142857142855, 0.42857142857142855], [1.0, 0.42857142857142855, 0.42857142857142855, 0.42857142857142855, 0.42857142857142855], [1.0, 0.25, 0.25, 0.25, 0.25], [1.0, 0.6666666666666666, 0.3333333333333333, 0.3333333333333333, 0.3333333333333333], [1.0, 0.3333333333333333, 0.3333333333333333, 0.25, 0.25], [1.0, 0.17647058823529413, 0.5384615384615384, 0.5384615384615384, 0.5384615384615384], [1.0, 0.3333333333333333, 0.25, 0.17647058823529413, 0.17647058823529413], [1.0, 0.3333333333333333, 0.25, 0.25, 0.25], [1.0, 0.6666666666666666, 0.8181818181818182, 0.8181818181818182, 0.8181818181818182], [1.0, 0.3333333333333333, 0.25, 0.25, 0.25], [1.0, 0.3333333333333333, 0.25, 0.25, 0.25], [1.0, 0.3333333333333333, 0.3333333333333333, 0.3333333333333333, 0.3333333333333333], [1.0, 0.3333333333333333, 0.42857142857142855, 0.3333333333333333, 0.3333333333333333], [1.0, 0.3333333333333333, 0.25, 0.25, 0.25], [1.0, 0.8181818181818182, 0.5384615384615384, 0.5384615384615384, 0.5384615384615384], [1.0, 0.42857142857142855, 0.17647058823529413, 0.17647058823529413, 0.17647058823529413], [1.0, 0.8181818181818182, 0.6666666666666666, 0.6666666666666666, 0.6666666666666666], [1.0, 0.3333333333333333, 0.3333333333333333, 0.3333333333333333, 0.3333333333333333], [1.0, 0.42857142857142855, 0.3333333333333333, 0.3333333333333333, 0.3333333333333333], [1.0, 0.3333333333333333, 0.1111111111111111, 0.1111111111111111, 0.1111111111111111], [1.0, 0.8181818181818182, 0.5384615384615384, 0.5384615384615384, 0.5384615384615384], [1.0, 0.5384615384615384, 0.3333333333333333, 0.3333333333333333, 0.3333333333333333], [1.0, 0.6666666666666666, 0.3333333333333333, 0.25, 0.25], [1.0, 0.3333333333333333, 0.3333333333333333, 0.25, 0.25], [1.0, 0.3333333333333333, 0.3333333333333333, 0.3333333333333333, 0.3333333333333333], [1.0, 0.42857142857142855, 0.5384615384615384, 0.5384615384615384, 0.5384615384615384], [1.0, 0.6666666666666666, 0.5384615384615384, 0.5384615384615384, 0.5384615384615384], [1.0, 0.42857142857142855, 0.3333333333333333, 0.3333333333333333, 0.3333333333333333], [1.0, 0.5384615384615384, 0.3333333333333333, 0.3333333333333333, 0.3333333333333333], [1.0, 0.25, 0.1111111111111111, 0.1111111111111111, 0.1111111111111111], [1.0, 0.6666666666666666, 0.8181818181818182, 0.6666666666666666, 0.6666666666666666], [1.0, 0.25, 0.25, 0.25, 0.25], [1.0, 0.6666666666666666, 0.5384615384615384, 0.42857142857142855, 0.42857142857142855], [1.0, 0.8181818181818182, 0.6666666666666666, 0.6666666666666666, 0.6666666666666666], [1.0, 