{"seed": 42, "kappa": 1224782.25, "n_test": 100, "n_ood": 20, "k": 10, "level_names": ["full_ggn", "kfac", "diagonal", "damped_identity", "identity"], "test_indices": [2236, 4626, 5171, 4969, 5953, 6196, 4385, 2173, 4914, 7664, 4601, 1067, 8660, 5920, 5837, 621, 7624, 448, 9533, 2668, 1793, 1787, 5779, 3934, 6589, 3037, 7834, 5842, 1329, 6189, 3255, 2003, 4224, 7252, 1705, 8768, 4440, 3872, 6460, 7568, 4817, 7897, 4915, 4115, 4435, 1773, 3139, 9737, 3234, 3709, 2650, 6792, 1739, 8314, 8363, 4748, 3113, 6145, 9857, 1895, 3920, 7150, 8048, 1858, 2912, 5166, 893, 2782, 7059, 2586, 5193, 4490, 4016, 3596, 1001, 7117, 7617, 2760, 9633, 8809, 5927, 8723, 4559, 3400, 9216, 9535, 9866, 1718, 2226, 845, 1886, 6594, 4366, 5794, 1732, 7990, 4795, 8815, 3236, 2161], "ood_indices": [19461, 23119, 14070, 13742, 20902, 21565, 18110, 6538, 8513, 13657, 17902, 21236, 10709, 14576, 9871, 23825, 5472, 18121, 10947, 10369], "confidence_labels": ["high", "high", "high", "high", "high", "high", "high", "high", "high", "high", "high", "high", "high", "high", "high", "high", "high", "high", "high", "high", "high", "high", "high", "high", "high", "high", "high", "high", "high", "high", "high", "high", "high", "high", "high", "high", "high", "high", "high", "high", "high", "high", "high", "high", "high", "high", "high", "high", "high", "high", "low", "low", "low", "low", "low", "low", "low", "low", "low", "low", "low", "low", "low", "low", "low", "low", "low", "low", "low", "low", "low", "low", "low", "low", "low", "low", "low", "low", "low", "low", "low", "low", "low", "low", "low", "low", "low", "low", "low", "low", "low", "low", "low", "low", "low", "low", "low", "low", "low", "low"], "jaccard_matrix": [[1.0, 0.3333333333333333, 0.17647058823529413, 0.17647058823529413, 0.17647058823529413], [1.0, 0.3333333333333333, 0.17647058823529413, 0.17647058823529413, 0.17647058823529413], [1.0, 0.5384615384615384, 0.3333333333333333, 0.3333333333333333, 0.3333333333333333], [1.0, 0.42857142857142855, 0.42857142857142855, 0.42857142857142855, 0.42857142857142855], [1.0, 0.42857142857142855, 0.3333333333333333, 0.3333333333333333, 0.3333333333333333], [1.0, 0.3333333333333333, 0.17647058823529413, 0.17647058823529413, 0.17647058823529413], [1.0, 0.5384615384615384, 0.42857142857142855, 0.42857142857142855, 0.42857142857142855], [1.0, 0.42857142857142855, 0.25, 0.25, 0.25], [1.0, 0.3333333333333333, 0.3333333333333333, 0.3333333333333333, 0.3333333333333333], [1.0, 0.6666666666666666, 0.5384615384615384, 0.5384615384615384, 0.5384615384615384], [1.0, 0.6666666666666666, 0.5384615384615384, 0.5384615384615384, 0.5384615384615384], [1.0, 0.5384615384615384, 0.5384615384615384, 0.5384615384615384, 0.5384615384615384], [1.0, 0.6666666666666666, 0.3333333333333333, 0.3333333333333333, 0.3333333333333333], [1.0, 0.5384615384615384, 0.42857142857142855, 0.42857142857142855, 0.42857142857142855], [1.0, 0.6666666666666666, 0.42857142857142855, 0.42857142857142855, 0.42857142857142855], [1.0, 0.6666666666666666, 0.5384615384615384, 0.42857142857142855, 0.42857142857142855], [1.0, 0.5384615384615384, 0.42857142857142855, 0.42857142857142855, 0.42857142857142855], [1.0, 0.8181818181818182, 0.5384615384615384, 0.5384615384615384, 0.5384615384615384], [1.0, 0.5384615384615384, 0.5384615384615384, 0.5384615384615384, 0.5384615384615384], [1.0, 0.6666666666666666, 0.6666666666666666, 0.6666666666666666, 0.6666666666666666], [1.0, 0.42857142857142855, 0.17647058823529413, 0.17647058823529413, 0.17647058823529413], [1.0, 0.17647058823529413, 0.1111111111111111, 0.1111111111111111, 0.1111111111111111], [1.0, 0.42857142857142855, 0.3333333333333333, 0.3333333333333333, 0.3333333333333333], [1.0, 0.6666666666666666, 0.42857142857142855, 0.42857142857142855, 0.42857142857142855], [1.0, 0.5384615384615384, 0.42857142857142855, 0.42857142857142855, 0.42857142857142855], [1.0, 0.5384615384615384, 0.42857142857142855, 0.42857142857142855, 0.42857142857142855], [1.0, 0.3333333333333333, 0.17647058823529413, 0.17647058823529413, 0.17647058823529413], [1.0, 0.8181818181818182, 0.5384615384615384, 0.5384615384615384, 0.5384615384615384], [1.0, 0.5384615384615384, 0.3333333333333333, 0.3333333333333333, 0.3333333333333333], [1.0, 0.5384615384615384, 0.42857142857142855, 0.42857142857142855, 0.42857142857142855], [1.0, 0.25, 0.1111111111111111, 0.1111111111111111, 0.1111111111111111], [1.0, 0.3333333333333333, 0.25, 0.25, 0.25], [1.0, 0.3333333333333333, 0.17647058823529413, 0.17647058823529413, 0.17647058823529413], [1.0, 0.42857142857142855, 0.42857142857142855, 0.42857142857142855, 0.42857142857142855], [1.0, 0.42857142857142855, 0.42857142857142855, 0.42857142857142855, 0.42857142857142855], [1.0, 0.5384615384615384, 0.5384615384615384, 0.5384615384615384, 0.5384615384615384], [1.0, 0.8181818181818182, 0.5384615384615384, 0.5384615384615384, 0.5384615384615384], [1.0, 0.5384615384615384, 0.42857142857142855, 0.42857142857142855, 0.42857142857142855], [1.0, 0.25, 0.17647058823529413, 0.17647058823529413, 0.17647058823529413], [1.0, 0.6666666666666666, 0.5384615384615384, 0.5384615384615384, 0.5384615384615384], [1.0, 0.42857142857142855, 0.42857142857142855, 0.42857142857142855, 0.42857142857142855], [1.0, 0.42857142857142855, 0.42857142857142855, 0.42857142857142855, 0.42857142857142855], [1.0, 0.42857142857142855, 0.25, 0.25, 0.25], [1.0, 0.42857142857142855, 0.42857142857142855, 0.42857142857142855, 0.42857142857142855], [1.0, 0.3333333333333333, 0.25, 0.25, 0.25], [1.0, 0.3333333333333333, 0.17647058823529413, 0.17647058823529413, 0.17647058823529413], [1.0, 0.5384615384615384, 0.42857142857142855, 0.42857142857142855, 0.42857142857142855], [1.0, 0.5384615384615384, 0.25, 0.25, 0.25], [1.0, 0.25, 0.17647058823529413, 0.25, 0.25], [1.0, 0.42857142857142855, 0.25, 0.25, 0.25], [1.0, 0.3333333333333333, 0.25, 0.17647058823529413, 0.17647058823529413], [1.0, 0.3333333333333333, 0.25, 0.25, 0.25], [1.0, 0.5384615384615384, 0.5384615384615384, 0.5384615384615384, 0.5384615384615384], [1.0, 0.42857142857142855, 0.17647058823529413, 0.1111111111111111, 0.1111111111111111], [1.0, 0.5384615384615384, 0.5384615384615384, 0.5384615384615384, 0.5384615384615384], [1.0, 0.25, 0.25, 0.25, 0.25], [1.0, 0.3333333333333333, 0.25, 0.25, 0.25], [1.0, 0.3333333333333333, 0.25, 0.25, 0.25], [1.0, 0.25, 0.3333333333333333, 0.3333333333333333, 0.3333333333333333], [1.0, 0.42857142857142855, 0.42857142857142855, 0.42857142857142855, 0.42857142857142855], [1.0, 0.5384615384615384, 0.25, 0.25, 0.25], [1.0, 0.5384615384615384, 0.1111111111111111, 0.1111111111111111, 0.1111111111111111], [1.0, 0.3333333333333333, 0.25, 0.25, 0.25], [1.0, 0.42857142857142855, 0.42857142857142855, 0.42857142857142855, 0.42857142857142855], [1.0, 0.25, 0.25, 0.25, 0.25], [1.0, 0.42857142857142855, 0.42857142857142855, 0.42857142857142855, 0.42857142857142855], [1.0, 0.42857142857142855, 0.25, 0.25, 0.25], [1.0, 0.42857142857142855, 0.3333333333333333, 0.3333333333333333, 0.3333333333333333], [1.0, 0.42857142857142855, 0.25, 0.25, 0.25], [1.0, 0.5384615384615384, 0.3333333333333333, 0.25, 0.25], [1.0, 0.42857142857142855, 0.25, 0.25, 0.25], [1.0, 0.42857142857142855, 0.3333333333333333, 0.3333333333333333, 0.3333333333333333], [1.0, 0.25, 0.17647058823529413, 0.17647058823529413, 0.17647058823529413], [1.0, 0.25, 0.25, 0.25, 0.25], [1.0, 0.6666666666666666, 0.42857142857142855, 0.5384615384615384, 0.5384615384615384], [1.0, 0.42857142857142855, 0.42857142857142855, 0.42857142857142855, 0.42857142857142855], [1.0, 0.5384615384615384, 0.5384615384615384, 0.5384615384615384, 0.5384615384615384], [1.0, 0.42857142857142855, 0.25, 0.25, 0.25], [1.0, 0.3333333333333333, 0.17647058823529413, 0.17647058823529413, 0.17647058823529413], [1.0, 0.3333333333333333, 0.25, 0.25, 0.25], [1.0, 0.25, 0.25, 0.25, 0.25], [1.0, 0.5384615384615384, 0.17647058823529413, 0.17647058823529413, 0.17647058823529413], [1.0, 0.5384615384615384, 0.17647058823529413, 0.17647058823529413, 