{
  "phase": "confound",
  "class_stratified_auroc": {
    "42": 1.0
  },
  "gradient_norm_partial": {
    "42": {
      "bss_partial": {
        "partial_rho": -0.08421052631578946,
        "p_value": 0.7241036435108114,
        "above_threshold": false
      },
      "bss_ratio": {
        "partial_rho": -0.11278195488721804,
        "p_value": 0.6359170579042354,
        "above_threshold": true
      }
    }
  },
  "dry_run": true,
  "timestamp": "2026-03-27T18:15:57.799986"
}