{
  "phase": "phase2a",
  "seeds": [
    42,
    123
  ],
  "n_test": 20,
  "damping": 0.01,
  "top_k": 50,
  "eigenvalue_summaries": {
    "42": {
      "max": 0.4116523563861847,
      "min": 5.505504668690264e-05,
      "mean": 0.026976583525538445,
      "std": 0.06949562579393387
    },
    "123": {
      "max": 0.4081823527812958,
      "min": 5.5623026128159836e-05,
      "mean": 0.026810118928551674,
      "std": 0.06899034231901169
    }
  },
  "cross_seed_stability": {
    "mean_rho": {
      "bss_raw": 1.0,
      "bss_partial": 0.9984962406015038,
      "bss_ratio": 1.0
    },
    "std_rho": {
      "bss_raw": 0.0,
      "bss_partial": 0.0,
      "bss_ratio": 0.0
    },
    "per_pair": {
      "42_123": {
        "bss_raw": 1.0,
        "bss_partial": 0.9984962406015038,
        "bss_ratio": 1.0
      }
    }
  },
  "icc": {
    "bss_partial": 0.9999337115093051,
    "bss_ratio": 0.9999872110543442
  },
  "within_class_variance": {
    "per_seed": {
      "42": 0.30998545057271615,
      "123": 0.30972539164969404
    },
    "mean": 0.3098554211112051
  },
  "gates": {
    "bss_partial_rho": {
      "value": 0.9984962406015038,
      "threshold": 0.5,
      "pass": true
    },
    "within_class_variance": {
      "value": 0.3098554211112051,
      "threshold": 0.25,
      "pass": true
    }
  },
  "dry_run": true,
  "timestamp": "2026-03-27T17:15:49.053527"
}