{"bss_weights_if": [0.9525735029932868, 0.9525741230849086, 0.9525740294290213, 0.952573977289961, 0.9525739808032929, 0.9489636817444946, 0.9525739241633041, 0.9520974051574739, 0.9525740345052174, 0.952573537589103, 0.9525741205906518, 0.9525737837348442, 0.952574091798423, 0.9525731198393992, 0.9525737696990764, 0.952574047746263, 0.952574060377399, 0.952573762603514, 0.9524086750434604, 0.9525739955781486, 0.9525738735504964, 0.9525740673400267, 0.9525740958723451, 0.9525740785237866, 0.9525740496743502, 0.9525739709399463, 0.9525736266722661, 0.9493067680714422, 0.9525733459867178, 0.9525734201909922, 0.9525724227885741, 0.952573717752141, 0.952379879035966, 0.9525733093078621, 0.9525740800629114, 0.9525736806807515, 0.952573961459627, 0.952573984727022, 0.9525739434867116, 0.9525740033757877, 0.9525740454297846, 0.95257370237678, 0.9524728073775832, 0.9525736092325404, 0.9525741141925451, 0.9525739760001983, 0.952573545487089, 0.9525740644846786, 0.9525733099544845, 0.9516016033117174, 0.9525740580882069, 0.9525328724123265, 0.952572060457409, 0.9525738509567028, 0.9491671710593015, 0.9525741083309014, 0.9525739153738089, 0.9525741128234504, 0.9525739984710723, 0.9525741015432, 0.9525731696148323, 0.9525736816563884, 0.9525739870952163, 0.9525740389174785, 0.952458435942272, 0.9525740566071175, 0.9525740330776077, 0.9493908133837033, 0.9525740092390568, 0.9525737929669214, 0.9507423195927874, 0.9525708380769096, 0.9525740879409175, 0.9525725542086374, 0.9525740735964063, 0.9525737124732258, 0.952574014582244, 0.9525734980904591, 0.9525740794772323, 0.9525722503533819, 0.9525741139814378, 0.9525740737485322, 0.9525709335260919, 0.9525740870925312, 0.952574014778274, 0.9525740033274288, 0.9525739996269167, 0.9525722500405892, 0.952559089908398, 0.9525296764801643, 0.9525735934566123, 0.9525739573237163, 0.9525739213904065, 0.9525738568108504, 0.9525722042698113, 0.9525740096548122, 0.9525739981442491, 0.9525737310431641, 0.9525736661071309, 0.9500979570667047], "disagree_weights_if": [0.9931240924821324, 0.9931068261769267, 0.9931197710945812, 0.9931911961081386, 0.993145311959237, 0.9931151009024071, 0.9932958519895466, 0.993203463737722, 0.9930718318481386, 0.9930477937337079, 0.9932088277727066, 0.9930562525829367, 0.9932621245802637, 0.9931578422260082, 0.9930551257716791, 0.9932455885658481, 0.9930883063574311, 0.993147256898544, 0.9930924001642858, 0.9931557770240215, 0.9931846308339516, 0.9931590757925931, 0.9932757270513631, 0.9930612252876546, 0.9932100616013319, 0.9932994213581932, 0.9932595581088353, 0.9931209402084689, 0.9930922238377188, 0.9931446835009956, 0.9931967664552218, 0.9930708313386074, 0.9931508972350817, 0.9931140477622178, 0.9930534655894018, 0.9932170003225459, 0.9930605857453111, 0.9932961596459575, 0.993082296466183, 0.9931222980593667, 0.9932001274712692, 0.9931856329189876, 0.9931390246037617, 0.9931264017432285, 0.9931318898970374, 0.9930744550405403, 0.9930900730139989, 0.9933047580637666, 0.9930989052616025, 0.9931446995173516, 0.993098576284765, 0.99309043515208, 0.9932072958400796, 0.9931378010802095, 0.9930796998508545, 0.9930982901168616, 0.9931084546716519, 0.9931801752567574, 0.9932789002939802, 0.9932776553808914, 0.993103184199468, 0.9932845481861136, 0.9932940683818966, 0.99311589055492, 0.9930841369689928, 0.9931703772328387, 0.9932378490363809, 0.9931500704050162, 0.99324942750237, 0.9930806281806864, 0.9930912846913497, 0.9932564364167015, 0.9932102922866599, 0.993082671909022, 0.9931107909685741, 0.9932932016421812, 0.9931104660885526, 0.993276332214566, 0.9931187606593722, 0.9930903291021919, 0.9932633506139996, 0.9931896484849271, 0.9932755797629662, 0.9933051097993018, 0.9931851834335116, 0.9931026942423994, 0.9932351275389636, 0.993165558737711, 0.9931748907055034, 0.9930635749015339, 0.9931037514242149, 0.9930446891507583, 0.9931091297149225, 0.993107962550558, 0.9931116897753818, 0.9930334840828359, 0.9931503410022199, 0.9932979992167523, 0.993077532593958, 0.9932364316121631], "class_weights_if": [1.0, 1.0, 1.0, 1.0, 1.0, 1.0, 1.0, 1.0, 1.0, 1.0, 1.0, 1.0, 1.0, 1.0, 1.0, 1.0, 1.0, 1.0, 1.0, 1.0, 1.0, 1.0, 1.0, 1.0, 1.0, 1.0, 1.0, 1.0, 1.0, 1.0, 1.0, 1.0, 1.0, 1.0, 1.0, 1.0, 1.0, 1.0, 1.0, 1.0, 1.0, 1.0, 1.0, 1.0, 1.0, 1.0, 1.0, 1.0, 1.0, 1.0, 1.0, 1.0, 1.0, 1.0, 1.0, 1.0, 1.0, 1.0, 1.0, 1.0, 1.0, 1.0, 1.0, 1.0, 1.0, 1.0, 1.0, 1.0, 1.0, 1.0, 1.0, 1.0, 1.0, 1.0, 1.0, 1.0, 1.0, 1.0, 1.0, 1.0, 1.0, 1.0, 1.0, 1.0, 1.0, 1.0, 1.0, 1.0, 1.0, 1.0, 1.0, 1.0, 1.0, 1.0, 1.0, 1.0, 1.0, 1.0, 1.0, 1.0], "lr_probs_if": [0.43367805064950044, 0.4242102646067726, 0.43379126492859227, 0.49697038789416303, 0.45272330275014133, 0.3945695027687026, 0.5886749319041981, 0.49332523400220196, 0.3958527592710267, 0.3821236332734095, 0.501344006535849, 0.38698172922382845, 0.5622259937620238, 0.46378821186947544, 0.3848179130594538, 0.8254347030463548, 0.40908850709259315, 0.45403538289734524, 0.4128403710161188, 0.4622364349172534, 0.48540854011793966, 0.4642663795019337, 0.6480018713549467, 0.39103793066000586, 0.501293024574216, 0.568007140775229, 0.5530497906547748, 0.39552398994825555, 0.41650914802605743, 0.4539476789530436, 0.48960318759395616, 0.39633307745884677, 0.45588884523977535, 0.4259283878252559, 0.38707397252180265, 0.5382405728389617, 0.398312002350741, 0.9703485478762071, 0.4143149770015816, 0.4380037759326506, 0.49133271596602757, 0.48079802313422004, 0.45102510422316355, 0.43777859552044207, 0.4388352419524971, 0.4008726033427201, 0.4106382318069526, 0.9628202200639301, 0.41808435688009987, 0.43824293701299616, 0.4157997848460162, 0.41119347891454444, 0.982927905063761, 0.4476260592126614, 0.37232602404192205, 0.4139604425472121, 0.4231276124172059, 0.5034112511001416, 0.9868681753567391, 0.9630618549857011, 0.4195685292923446, 0.9672246657320129, 0.5709102856549906, 0.4281041452922586, 0.40688288563037994, 0.47673783556625426, 0.54021758899747, 0.4230998032352332, 0.5574382388370609, 0.4045142997441134, 0.39188122062568864, 0.5460497981725466, 0.4990260313523881, 0.41021294936625347, 0.4259683516105933, 0.9407394224186615, 0.42756565542476627, 0.6429054277999352, 0.4335885338507485, 0.41129651520438826, 0.5770740357898474, 0.48555755069053613, 0.5939893317806227, 0.7003291969047379, 0.48296171644589875, 0.4190832959587387, 0.5905448842419722, 0.46503625636038537, 0.47487455881120794, 0.3944703355208696, 0.42157310727243014, 0.378304065739328, 0.42890966237543393, 0.4245657179528733, 0.42730496878250745, 0.369730199541605, 0.45285062739411575, 0.9630207177655289, 0.4039200979118038, 0.9782145595771926],