{
  "task_id": "phase1_attribution_compute",
  "mode": "FULL",
  "n_test": 500,
  "n_train_ekfac_kfac": 50000,
  "n_train_repsim": 50000,
  "n_train_trak50": 50000,
  "full_model": true,
  "methods": {
    "ekfac_if": {
      "success": true,
      "shape": [
        500,
        50000
      ]
    },
    "kfac_if": {
      "success": true,
      "shape": [
        500,
        50000
      ]
    },
    "repsim": {
      "success": true,
      "shape": [
        500,
        50000
      ]
    },
    "trak50": {
      "success": true,
      "shape": [
        500,
        50000
      ]
    }
  },
  "analysis": {
    "jaccard_at_10_ekfac_kfac": {
      "mean": 0.8347026307026307,
      "std": 0.12821664061513938,
      "min": 0.42857142857142855,
      "max": 1.0,
      "per_class": {
        "0": 0.805867465867466,
        "1": 0.8606060606060606,
        "2": 0.7742124542124543,
        "3": 0.8751515151515153,
        "4": 0.8045687645687646,
        "5": 0.8203263403263403,
        "6": 0.8416783216783217,
        "7": 0.7537062937062938,
        "8": 0.9569696969696969,
        "9": 0.853939393939394
      }
    },
    "kendall_tau_if_repsim": {
      "mean": -0.4667445762928778,
      "std": 0.11437990378302935,
      "min": -0.6186623076013357,
      "max": -0.04758948077333728,
      "per_class": {
        "0": -0.46487311900505085,
        "1": -0.5099904504257071,
        "2": -0.46491515468885525,
        "3": -0.4106599937138571,
        "4": -0.4831347425287694,
        "5": -0.42453377582092033,
        "6": -0.502177463255101,
        "7": -0.47320979148696246,
        "8": -0.4619711772624682,
        "9": -0.47198009474108704
      }
    },
    "lds_ekfac_trak50": {
      "mean": 0.29693028253343595,
      "std": 0.10093220072976339,
      "min": 0.0887760529264703,
      "max": 0.5836777592440092,
      "per_class": {
        "0": 0.28351514034776276,
        "1": 0.25521151391011143,
        "2": 0.32664166431397634,
        "3": 0.3410367664492561,
        "4": 0.30845483951671143,
        "5": 0.36217040507610293,
        "6": 0.2937141101645877,
        "7": 0.25343833789942016,
        "8": 0.28080018903242143,
        "9": 0.2643198586240095
      }
    },
    "lds_kfac_trak50": {
      "mean": 0.27064051555526214,
      "std": 0.10620685951974611
    },
    "lds_repsim_trak50": {
      "mean": 0.07373205860606587,
      "std": 0.10447491778021449
    }
  },
  "pass_criteria": {
    "all_4_methods_valid": true,
    "jaccard_std_above_005": true
  },
  "overall_pass": true,
  "timestamp": "2026-03-17T22:43:45.025627"
}